"","model","variable","expected_median","median","mean","sd","ci_025","ci_975"
"1","medhmm","mu_d_bar1",4.87040894720876,1.5759784360036,1.58317790630179,0.172837646536678,1.25650665962666,1.93497021267059
"2","medhmm","mu_d_bar2",4.47357210707555,1.48766244271666,1.4981872185915,0.137996541278101,1.25704808969675,1.79555530171602
"3","medhmm","mu_d_bar3",4.40215874562769,1.47919334345997,1.4820950446139,0.110588846984449,1.26300868575103,1.70313709558884
"4","medhmm","mu_d_bar4",5.03445296957097,1.61830298844618,1.61630487470133,0.156040799493123,1.30516790811778,1.92657509725103
